Name,Link
"
          Acetone NF
        ",/collections/bases/products/acetone-nf
"
          Almond Oil (Sweet) NF
        ",/collections/bases/products/almond-oil-sweet-nf
"
          Anhydrous Cream
        ",/collections/bases/products/anhydrous-cream
"
          Avicel PH-101 (Microcrystalline Cellulose)
        ",/collections/bases/products/avicel-ph-101-microcrystalline-cellulose
"
          Avicel PH-105 (Microcrystalline Cellulose) NF
        ",/collections/bases/products/avicel-ph-105-microcrystalline-cellulose-nf
"
          Base A - Polyethylene Glycol (PEG) 1450
        ",/collections/bases/products/base-a-peg-1450
"
          Base B - Polyglycol (PEG) 3350 USP
        ",/collections/bases/products/base-b-polyglycol-peg-3350-usp
"
          Base C - Polyethylene Glycol (PEG) 300 NF
        ",/collections/bases/products/base-c-polyglycol-peg-300
"
          Carbomer 940 NF
        ",/collections/bases/products/carbomer-940-nf
"
          Carbomer Gel Aqueous
        ",/collections/bases/products/carbomer-gel-aqueous
"
          Carbomer Gel Hydroalcoholic
        ",/collections/bases/products/carbomer-gel-hydroalcoholic
"
          Castor Oil USP
        ",/collections/bases/products/castor-oil-usp
"
          Corn Oil NF
        ",/collections/bases/products/corn-oil-nf
"
          Corn Oil NF - Short-dated, exp. 31 Oct 2024
        ",/collections/bases/products/corn-oil-nf-short-dated-exp-31-oct-2024
"
          DMSO - Dimethyl Sulfoxide USP
        ",/collections/bases/products/dmso-dimethyl-sulfoxide-usp
"
          Emollient Cream
        ",/collections/bases/products/emollient-cream
"
          Ethyl Oleate NF
        ",/collections/bases/products/ethyl-oleate-nf
"
          Flavor Blend™ Flavoured Suspension Vehicle (2 in 1)
        ",/collections/bases/products/flavor-blend%E2%84%A2-flavoured-suspension-vehicle
"
          Flavor Plus™ Suspension Vehicle (S/F) *Limited-time special*
        ",/collections/bases/products/flavor-plus%C2%AE-suspension-vehicle-s-f
"
          Gelatin Gummy Troche
        ",/collections/bases/products/gelatin-gummy-troche
"
          Glycerin USP
        ",/collections/bases/products/glycerin
"
          HRT Heavy™ Cream *NEW*
        ",/collections/bases/products/hrt-heavy-cream
"
          Lanolin Anhydrous USP
        ",/collections/bases/products/lanolin-anhydrous-usp
"
          Lecithin Organogel
        ",/collections/bases/products/lecithin-organogel
"
          Lipolayer Cream
        ",/collections/bases/products/lipolayer-cream
"
          Macadamia Pharma-Base
        ",/collections/bases/products/macadamia-pharma-base
"
          Medium Cream
        ",/collections/bases/products/medium-cream
"
          Methocel E4M Premium USP
        ",/collections/bases/products/methocel-e4m-premium-usp-grade
"
          Methocel K100M Premium USP
        ",/collections/bases/products/methocel-k100m-premium-usp-grade
"
          PEG (Polyglycol) 400 NF
        ",/collections/bases/products/peg-polyglycol-400-nf
"
          Petrolatum White USP
        ",/collections/bases/products/petrolatum-white-usp
"
          Plasticized Ointment Base
        ",/collections/bases/products/plasticized-ointment-base
"
          Pluronic Gel 20% (F127)
        ",/collections/bases/products/pluronic-gel-20-f127
"
          Polysorbate 20 NF
        ",/collections/bases/products/polysorbate-20-nf
"
          Polysorbate 80 NF
        ",/collections/bases/products/polysorbate-80-nf
"
          Propylene Glycol USP
        ",/collections/bases/products/propylene-glycol-usp
"
          Salt Durable Cream
        ",/collections/bases/products/salt-durable-cream
"
          Sepineo P600 *Limited-time special*
        ",/collections/bases/products/sepineo-p600
"
          Sesame Oil NF
        ",/collections/bases/products/sesame-oil-nf
"
          Shea Butter, Organic
        ",/collections/bases/products/shea-butter-organic
"
          Shea Butter, Organic - Short-dated, exp. 31 Jul 2024
        ",/collections/bases/products/shea-butter-organic-short-dated-exp-31-jul-2024
"
          Simplgel 30
        ",/collections/bases/products/simplgel-30
"
          Sorbitol Candy Base Flavorless
        ",/collections/bases/products/sorbitol-candy-base-flavorless
"
          Supposibase-F Fatty Base
        ",/collections/bases/products/supposibase-f-fatty-base
"
          Suspension Vehicle S/F
        ",/collections/bases/products/suspension-vehicle
"
          Syrup Vehicle (Sugar-free)
        ",/collections/bases/products/syrup-vehicle-sugar-free
"
          Syrup Vehicle NF
        ",/collections/bases/products/syrup-vehicle-nf
"
          Tommygel *Limited-time special*
        ",/collections/bases/products/tommygel
"
          Capsules #0 Blue/Blue
        ",/collections/capsules/products/capsules-0-blue-blue
"
          Capsules #0 Blue/White
        ",/collections/capsules/products/capsule-0-blue-white
"
          Capsules #0 Clear/Clear
        ",/collections/capsules/products/capsule-0-clear-clear
"
          Capsules #0 Green Translucent/Clear *Limited-time special*
        ",/collections/capsules/products/capsule-0-green-translucent-clear
"
          Capsules #0 Orange/Orange
        ",/collections/capsules/products/capsule-0-orange-orange
"
          Capsules #0 Purple/White
        ",/collections/capsules/products/capsule-0-purple-white
"
          Capsules #0 Red Translucent/White
        ",/collections/capsules/products/capsule-0-red-translucent-white
"
          Capsules #0 Red/Red
        ",/collections/capsules/products/capsule-0-red-red
"
          Capsules #0 Red/White
        ",/collections/capsules/products/capsule-0-red-white
"
          Capsules #0 Vegetable Clear
        ",/collections/capsules/products/capsule-0-vegetable-clear-clear
"
          Capsules #0 Vegetable White
        ",/collections/capsules/products/capsule-0-vegetable-white-white
"
          Capsules #0 White/Clear
        ",/collections/capsules/products/capsule-0-white-clear
"
          Capsules #0 White/White
        ",/collections/capsules/products/capsule-0-white-white
"
          Capsules #00 Blue/Blue
        ",/collections/capsules/products/capsule-00-blue
"
          Capsules #00 Blue/White
        ",/collections/capsules/products/capsule-00-blue-white
"
          Capsules #00 Clear/Clear
        ",/collections/capsules/products/capsule-00-clear-clear
"
          Capsules #00 Dark Green
        ",/collections/capsules/products/capsule-00-dark-green
"
          Capsules #00 Orange/Orange
        ",/collections/capsules/products/capsule-00-orange
"
          Capsules #00 Red/Red
        ",/collections/capsules/products/capsule-00-red-red
"
          Capsules #00 Red/White
        ",/collections/capsules/products/capsule-00-red-white
"
          Capsules #00 Vegetable Clear
        ",/collections/capsules/products/capsule-00-vegetable-clear-clear
"
          Capsules #00 Vegetable White
        ",/collections/capsules/products/capsule-00-vegetable-white-white
"
          Capsules #00 White/White
        ",/collections/capsules/products/capsule-00-white-white
"
          Capsules #000 Clear/Clear
        ",/collections/capsules/products/capsule-000-clear-clear
"
          Capsules #1 Blue Aqua Translucent
        ",/collections/capsules/products/capsule-1-blue-aqua-translucent
"
          Capsules #1 Blue Opaque/Pink Translucent
        ",/collections/capsules/products/capsule-1-blue-opaque-pink-translucent
"
          Capsules #1 Blue Translucent/Pink Translucent
        ",/collections/capsules/products/capsule-1-blue-translucent-pink-translucent
"
          Capsules #1 Blue/Blue
        ",/collections/capsules/products/capsule-1-blue-blue
"
          Capsules #1 Blue/Clear
        ",/collections/capsules/products/capsule-1-blue-clear
"
          Capsules #1 Blue/Powder Blue
        ",/collections/capsules/products/capsule-1-blue-powder-blue
"
          Capsules #1 Blue/White
        ",/collections/capsules/products/capsule-1-blue-white
"
          Capsules #1 Brown/Ivory
        ",/collections/capsules/products/capsule-1-brown-ivory
"
          Capsules #1 Clear/Clear
        ",/collections/capsules/products/capsule-1-clear-clear
"
          Capsules #1 Clear/White
        ",/collections/capsules/products/capsule-1-clear-white
"
          Capsules #1 Dark Green
        ",/collections/capsules/products/capsule-1-dark-green-dark-green
"
          Capsules #1 Green Translucent/Yellow
        ",/collections/capsules/products/capsule-1-green-translucent-yellow
"
          Capsules #1 Green/Orange
        ",/collections/capsules/products/capsule-1-green-orange
"
          Capsules #1 Green/White
        ",/collections/capsules/products/capsule-1-green-white
"
          Capsules #1 Green/Yellow
        ",/collections/capsules/products/capsule-1-green-yellow
"
          Capsules #1 Grey/Pink
        ",/collections/capsules/products/capsule-1-grey-pink
"
          Capsules #1 Ivory/Ivory
        ",/collections/capsules/products/capsule-1-ivory-ivory-butter-colour
"
          Capsules #1 Maroon Translucent/Clear
        ",/collections/capsules/products/capsule-1-maroon-clear
"
          Capsules #1 Mint Green
        ",/collections/capsules/products/capsule-1-mint-green
"
          Capsules #1 Orange/Clear
        ",/collections/capsules/products/capsule-1-orange-clear
"
          Capsules #1 Orange/Orange
        ",/collections/capsules/products/capsule-1-orange-orange
"
          Capsules #1 Pink/Pink
        ",/collections/capsules/products/capsule-1-pink-pink
"
          Capsules #1 Pink/White
        ",/collections/capsules/products/capsule-1-pink-white
"
          Capsules #1 Pink/Yellow
        ",/collections/capsules/products/capsule-1-pink-yellow
"
          5-Hydroxytryptophan (5HTP)
        ",/collections/chemicals/products/5htp
"
          7-Keto DHEA (Micronized)
        ",/collections/chemicals/products/7-keto-dhea-micronized-yam-derived
"
          Acetaminophen Powder USP
        ",/collections/chemicals/products/acetaminophen-powder-usp
"
          Acetone NF
        ",/collections/chemicals/products/acetone-nf
"
          Acetyl-D-Glucosamine (N)
        ",/collections/chemicals/products/acetyl-d-glucosamine-n
"
          Acetyl-L-Carnitine HCL *Limited-time special*
        ",/collections/chemicals/products/acetyl-l-carnitine-hcl
"
          Acetylcysteine USP
        ",/collections/chemicals/products/acetylcysteine-usp
"
          Acidophilus Lactobacillus
        ",/collections/chemicals/products/acidophilus-lactobacillus
"
          Acyclovir USP
        ",/collections/chemicals/products/acyclovir-usp
"
          Almond Oil (Sweet) NF
        ",/collections/chemicals/products/almond-oil-sweet-nf
"
          Alpha Lipoic Acid USP
        ",/collections/chemicals/products/alpha-lipoic-acid
"
          Aluminum Hydroxide Gel Dried Powder USP
        ",/collections/chemicals/products/aluminum-hydroxide-gel-dried-usp
"
          Amantadine HCL USP
        ",/collections/chemicals/products/amantadine-hcl-usp
"
          Amikacin Sulfate USP
        ",/collections/chemicals/products/amikacin-sulfate-usp
"
          Amitriptyline HCL USP
        ",/collections/chemicals/products/amitriptyline-hcl-usp
"
          Amphotericin B USP (*cold pack item*)
        ",/collections/chemicals/products/amphotericin-b-usp
"
          Apomorphine HCL USP
        ",/collections/chemicals/products/apomorphine-hcl-usp
"
          Arginine (L) Base USP
        ",/collections/chemicals/products/arginine-base-usp
"
          Arginine (L) HCL USP
        ",/collections/chemicals/products/arginine-l-hcl-usp
"
          Ascorbic Acid USP
        ",/collections/chemicals/products/ascorbic-acid-usp
"
          Ascorbyl Palmitate FCC (*temperature sensitive*)
        ",/collections/chemicals/products/ascorbyl-palmitate-fcc
"
          Aspartame FCC
        ",/collections/chemicals/products/aspartame-fcc
"
          Aspirin USP
        ",/collections/chemicals/products/aspirin-usp
"
          Atropine Sulfate Monohydrate USP
        ",/collections/chemicals/products/atropine-sulfate-monohydrate-usp
"
          Avicel PH-101 (Microcrystalline Cellulose)
        ",/collections/chemicals/products/avicel-ph-101-microcrystalline-cellulose
"
          Avicel PH-105 (Microcrystalline Cellulose) NF
        ",/collections/chemicals/products/avicel-ph-105-microcrystalline-cellulose-nf
"
          Azathioprine USP
        ",/collections/chemicals/products/azathioprine-usp
"
          Azithromycin Dihydrate USP
        ",/collections/chemicals/products/azithromycin-dihydrate-usp
"
          Baclofen USP
        ",/collections/chemicals/products/baclofen-usp
"
          Beclomethasone Dipropionate USP
        ",/collections/chemicals/products/beclomethasone-dipropionate-usp
"
          Benzocaine USP
        ",/collections/chemicals/products/benzocaine-usp
"
          Benzyl Alcohol NF
        ",/collections/chemicals/products/benzyl-alcohol-nf
"
          Beta Nicotinamide Adenine Dinucleotide (NAD+) (Oxidized) *COLD*
        ",/collections/chemicals/products/beta-nicotinamide-adenine-dinucleotide-nad-oxidized-cold
"
          Betaine Anhydrous (Letco brand)
        ",/collections/chemicals/products/copy-of-betaine-anhydrous-letco-brand
"
          Betamethasone Dipropionate USP
        ",/collections/chemicals/products/betamethasone-dipropionate
"
          Biotin USP *Limited-time special*
        ",/collections/chemicals/products/biotin-usp
"
          Bismuth Subcarbonate USP
        ",/collections/chemicals/products/bismuth-subcarbonate-usp
"
          Bismuth Subgallate USP
        ",/collections/chemicals/products/bismuth-subgallate-usp
"
          Bismuth Subsalicylate USP
        ",/collections/chemicals/products/bismuth-subsalicylate-usp
"
          Boric Acid NF (Crystals)
        ",/collections/chemicals/products/boric-acid-powder-nf
"
          Boron Citrate Complex 5%
        ",/collections/chemicals/products/boron-citrate-complex-5
"
          Budesonide Micronised USP
        ",/collections/chemicals/products/budesonide-micronised-bp-ep
"
          Bupivacaine HCL Monohydrate USP
        ",/collections/chemicals/products/bupivacaine-hcl-mono-usp
"
          Bupropion HCL USP
        ",/collections/chemicals/products/bupropion
"
          Buspirone HCL USP
        ",/collections/chemicals/products/buspirone-hcl-usp
"
          Caffeine Anhydrous USP
        ",/collections/chemicals/products/caffeine-anhydrous-usp
"
          Calamine Powder USP
        ",/collections/chemicals/products/calamine-powder-usp
"
          Calcium Carbonate USP Heavy
        ",/collections/chemicals/products/calcium-carbonate-usp-heavy
"
          Body Set Bolt & Washers, Profiller 3600
        ",/collections/equipment/products/body-set-bolt-washers-profiller-3600
"
          Capsule Locker, Profiller 1100 (all sizes)
        ",/collections/equipment/products/profiller-1100-capsule-locker
"
          Capsule Locking Plate 00-4, Profiller 3600
        ",/collections/equipment/products/capsule-locking-plate-00-4-profiller-3600
"
          Capsule Locking Plate 00-5, Profiller 1100
        ",/collections/equipment/products/locking-plates-profill
"
          Capsule Tray assembly, Profiller 1100 (all sizes)
        ",/collections/equipment/products/capsule-tray-assembly-00-profiller-1100
"
          Change parts, Profiller 1100
        ",/collections/equipment/products/change-parts-profiller-1100
"
          Change parts, Profiller 3600
        ",/collections/equipment/products/change-parts-profiller-3600
"
          Change parts, Profiller 3700
        ",/collections/equipment/products/change-parts-profiller-3700
"
          Conversion Kit #000, Profiller 1100
        ",/collections/equipment/products/profiller-1100-conversion-kit-000
"
          Electrode for pH Meter Pen OHAUS ST10
        ",/collections/equipment/products/electrode-for-ph-meter-ohaus-st10
"
          Electrode for pH Meter Pen OHAUS ST20
        ",/collections/equipment/products/electrode-for-ph-meter-ohaus-st20
"
          Exakt 50 Felt Base Pad
        ",/collections/equipment/products/exakt-50-felt-base-pad
"
          Exakt 50 Plastic Guide
        ",/collections/equipment/products/exakt-50-plastic-guide
"
          Exakt 50 Plastic Hopper
        ",/collections/equipment/products/exakt-50-plastic-hopper
"
          Exakt 50 Plastic Scraper with metal mounts
        ",/collections/equipment/products/exakt-50-plastic-scraper-with-metal-mounts
"
          Exakt 50 Protective Cover
        ",/collections/equipment/products/exakt-50-protective-cover
"
          Exakt 50 Splash Plate
        ",/collections/equipment/products/exakt-50-splash-plate
"
          Gako Invomatic Mixer/Blender
        ",/collections/equipment/products/gako-invomatic
"
          Gako Planetary Mixer PM140
        ",/collections/equipment/products/gako-planetary-mixer-pm140
"
          Gako PM jar 100ml HV
        ",/collections/equipment/products/gako-pm-jar-100-ml-hv
"
          Gako PM jar 125ml HV+LV
        ",/collections/equipment/products/gako-pm-jar-125-ml-hv-lv
"
          Glass Stirring Rods (10"", 254mm)
        ",/collections/equipment/products/stir-rods-glass-10-254mm
"
          HEPA Safety Filter ASTS030
        ",/collections/equipment/products/hepa-safety-filter-asts030
"
          Hinge Post & Screw, Profiller 100
        ",/collections/equipment/products/hinge-post-screw-0-profill
"
          Hot Plate Stirrer 10""x10"" IKA C-MAG HS10 (15L)
        ",/collections/equipment/products/hot-plate-stirrer-10-x10-ika-c-mag-hs10
"
          Hot Plate Stirrer 4""x4"" IKA C-MAG HS4 (5L)
        ",/collections/equipment/products/hot-plate-stirrer-4x4-ika-c-mag-hs4-5l
"
          Hot Plate Stirrer 7""x7"" IKA C-MAG HS7 (10L)
        ",/collections/equipment/products/hot-plate-stirrer-7-x7-ika-c-mag-hs7
"
          IKA C-MAG HS7 DIGITAL Hot Plate Stirrer Package
        ",/collections/equipment/products/ika-c-mag-hs7-hotplate-stirrer-package
"
          Locking Block 00-5, Profiller 100
        ",/collections/equipment/products/locking-block-profill
"
          Maintenance Kit for Profiller Capsule Machines
        ",/collections/equipment/products/maintenance-kit-for-profiller-capsule-machines
"
          Ointment Mill Exakt 50PLUS+ Pharma
        ",/collections/equipment/products/ointment-mill-exakt-e50plus-pharma
"
          Orienter Base 00-4, Profiller 1100
        ",/collections/equipment/products/copy-of-capsule-locking-plate-00-5-profiller-1100
"
          Partial Batch Kit, Profiller 1100
        ",/collections/equipment/products/profill-1100-partial-batch-kit
"
          Partial Batch Kit, Profiller 3600, 3700
        ",/collections/equipment/products/partial-batch-kit-profiller-3600-3700
"
          Parts and accessories, Profiller 100 Capsule Machine
        ",/collections/equipment/products/parts-and-accessories-profill-100
"
          Parts and accessories, Profiller 1100 Capsule Machine
        ",/collections/equipment/products/copy-of-parts-and-accessories-profiller-100-capsule-machine
"
          Parts and accessories, Profiller 3006 & 3600 Capsule Machine
        ",/collections/equipment/products/parts-and-accessories-profiller-3600-capsule-machine
"
          Parts and accessories, Profiller 3007 & 3700 Capsule Machine
        ",/collections/equipment/products/parts-and-accessories-profiller-3007-3700-capsule-machine
"
          pH Meter Pen OHAUS ST10
        ",/collections/equipment/products/ph-meter-ohaus-st10
"
          pH Meter Pen OHAUS ST20
        ",/collections/equipment/products/ph-meter-ohaus-st20
"
          Plastic Tray for Profiller 3600, 3700
        ",/collections/equipment/products/plastic-tray-for-profiller-3600-3700
"
          Powder Spreader, Profiller 1100
        ",/collections/equipment/products/profill-1100-powder-spreader
"
          Powder Spreader, Profiller 3600, 3700, 3800
        ",/collections/equipment/products/profill-3600-3700-3800-powder-spreader
"
          Powder Tray Locking Clamps, Profiller 1100
        ",/collections/equipment/products/profill-1100-powder-tray-clamps
"
          Powder Tray, Profiller 100
        ",/collections/equipment/products/powder-tray-profiller-100
"
          Powder Tray, Profiller 1100
        ",/collections/equipment/products/profill-1100-powder-tray-polycarbonate
"
          Powder Tray, Profiller 3600, 3700
        ",/collections/equipment/products/profill-3600-3700-powder-tray
"
          Powder Vibrator, Profiller 1100, 3600
        ",/collections/equipment/products/powder-vibrator-profiller-1100-3600
"
          Apple Flavour
        ",/collections/flavours-food-colours/products/apple-liquid-flavour-colour-free
"
          Banana Cream Flavour
        ",/collections/flavours-food-colours/products/banana-cream
"
          Beef Flavour, Oil Soluble
        ",/collections/flavours-food-colours/products/beef-flavour-oil-soluble
"
          Bitterness Mask Flavour Natural
        ",/collections/flavours-food-colours/products/bitterness-suppressor
"
          Bubblegum Flavour
        ",/collections/flavours-food-colours/products/bubblegum
"
          Butterscotch Flavour
        ",/collections/flavours-food-colours/products/butterscotch
"
          Caramel Flavour
        ",/collections/flavours-food-colours/products/caramel
"
          Cherry Flavour (Concentrate)
        ",/collections/flavours-food-colours/products/cherry-concentrate
"
          Chicken Flavour - Oil Soluble
        ",/collections/flavours-food-colours/products/chicken-oil-soluble
"
          Chicken Flavour - Water Soluble
        ",/collections/flavours-food-colours/products/chicken-water-soluble
"
          Chocolate Flavour
        ",/collections/flavours-food-colours/products/chocolate
"
          Cinnamon Oil
        ",/collections/flavours-food-colours/products/cinnamon-oil
"
          Cotton Candy Flavour
        ",/collections/flavours-food-colours/products/cotton-candy-colour-free
"
          Crème De Menthe Flavour
        ",/collections/flavours-food-colours/products/creme-de-menthe
"
          Food Colour Blue (Powder)
        ",/collections/flavours-food-colours/products/food-colour-powder-blue
"
          Food Colour Green (Powder)
        ",/collections/flavours-food-colours/products/food-colour-powder-green
"
          Food Colour Lime Green (Powder)
        ",/collections/flavours-food-colours/products/food-colour-powder-lime-green
"
          Food Colour Orange (Powder)
        ",/collections/flavours-food-colours/products/food-colour-orange-powder
"
          Food Colour Red (Powder)
        ",/collections/flavours-food-colours/products/food-colour-powder-red
"
          Grape Flavour
        ",/collections/flavours-food-colours/products/grape-concentrate
"
          Lemon Oil
        ",/collections/flavours-food-colours/products/lemon-oil
"
          Lime Oil
        ",/collections/flavours-food-colours/products/lime-oil
"
          Marshmallow Flavour
        ",/collections/flavours-food-colours/products/marshmallow-colour-free
"
          Orange Oil Natural
        ",/collections/flavours-food-colours/products/orange-oil-natural
"
          Peach Flavour
        ",/collections/flavours-food-colours/products/peach
"
          Peanut Butter Flavour
        ",/collections/flavours-food-colours/products/peanut-butter
"
          Peppermint Oil
        ",/collections/flavours-food-colours/products/peppermint-oil
"
          Pina Colada Flavour
        ",/collections/flavours-food-colours/products/pina-colada-concentrate-colour-free
"
          Pineapple Flavour
        ",/collections/flavours-food-colours/products/pineapple-concentrate-colour-free
"
          Raspberry Flavour
        ",/collections/flavours-food-colours/products/raspberry-concentrate
"
          Spearmint Oil
        ",/collections/flavours-food-colours/products/spearmint-oil-natural
"
          Strawberry Flavour
        ",/collections/flavours-food-colours/products/strawberry-concentrate
"
          Tropical Punch Flavour
        ",/collections/flavours-food-colours/products/tropical-punch
"
          Tuna Flavour
        ",/collections/flavours-food-colours/products/tuna-artificial
"
          Tutti Frutti Flavour
        ",/collections/flavours-food-colours/products/tutti-frutti
"
          Vanilla Butternut Flavour
        ",/collections/flavours-food-colours/products/vanilla-butternut
"
          Watermelon Flavour
        ",/collections/flavours-food-colours/products/watermelon
"
          Adapta-Cap A (18mm) Blue
        ",/collections/lab-supplies/products/adapta-cap-blue-18mm-a
"
          Adapta-Cap B (20mm) Blue
        ",/collections/lab-supplies/products/adapta-cap-blue-20mm-b
"
          Adapta-Cap C (22mm) Blue
        ",/collections/lab-supplies/products/adapta-cap-blue-22mm-c
"
          Adapta-Cap D (24mm) Blue
        ",/collections/lab-supplies/products/adapta-cap-blue-24mm-d
"
          Adapta-Cap E (28mm Short) Blue
        ",/collections/lab-supplies/products/adapta-cap-blue-28mm-short-e
"
          Adapta-Cap F (28mm Long) Blue
        ",/collections/lab-supplies/products/adapta-cap-blue-28mm-long-f
"
          Adapta-Cap G (33mm Short) Blue
        ",/collections/lab-supplies/products/adapta-cap-blue-33mm-short-g
"
          Amber Glass Bottle (30ml) with Non-graduated Glass Dropper
        ",/collections/lab-supplies/products/glass-dropper-with-30ml-amber-glass-bottle-12-pack
"
          Amber Glass Bottle (60ml) with Graduated Plastic Dropper
        ",/collections/lab-supplies/products/bottle-amber-glass-with-graduated-dropper-60ml
"
          Amber Glass Vial with Glass Rod Applicator (0.5oz/15ml)
        ",/collections/lab-supplies/products/bottle-amber-glass-with-glass-rod-applicator-0-5oz-15ml
"
          Anti-Skid Shoe Covers, Cleanroom - Medium/Large
        ",/collections/lab-supplies/products/anti-skid-shoe-covers-cleanroom-medium-large
"
          Anti-Skid Shoe Covers, Cleanroom - XLarge
        ",/collections/lab-supplies/products/shoe-covers-cleanroom-xl
"
          BAXA Amber Oral Syringes with tips (10ml)
        ",/collections/lab-supplies/products/syringe-oral-amber-baxa-10ml
"
          BAXA Amber Oral Syringes with tips (1ml)
        ",/collections/lab-supplies/products/syringe-oral-amber-baxa-1ml
"
          BAXA Amber Oral Syringes with tips (20ml)
        ",/collections/lab-supplies/products/syringe-oral-amber-baxa-20ml
"
          BAXA Amber Oral Syringes with tips (3ml)
        ",/collections/lab-supplies/products/syringe-oral-amber-baxa-3ml
"
          BAXA Amber Oral Syringes with tips (5ml)
        ",/collections/lab-supplies/products/syringe-oral-amber-baxa-5ml
"
          BAXA Clear Oral Syringes with tips (10ml)
        ",/collections/lab-supplies/products/syringe-oral-clear-baxa-10ml
"
          BAXA Clear Oral Syringes with tips (1ml)
        ",/collections/lab-supplies/products/syringe-oral-clear-baxa-1ml
"
          BAXA Clear Oral Syringes with tips (20ml)
        ",/collections/lab-supplies/products/syringe-oral-clear-baxa-20ml
"
          BAXA Clear Oral Syringes with tips (3ml)
        ",/collections/lab-supplies/products/syringe-oral-clear-baxa-3ml
"
          BAXA Clear Oral Syringes with tips (5ml)
        ",/collections/lab-supplies/products/syringe-oral-clear-baxa-5ml
"
          BD Amber Oral Syringes BD with tips (10ml)
        ",/collections/lab-supplies/products/syringe-oral-amber-bd-10ml
"
          BD Amber Oral Syringes with tips (1ml)
        ",/collections/lab-supplies/products/syringe-oral-amber-bd-1ml
"
          BD Amber Oral Syringes with tips (3ml)
        ",/collections/lab-supplies/products/syringe-oral-amber-bd-3ml
"
          BD Amber Oral Syringes with tips (5ml)
        ",/collections/lab-supplies/products/syringe-oral-amber-bd-5ml
"
          BD Clear Oral Syringes with tips (10ml)
        ",/collections/lab-supplies/products/syringe-oral-clear-bd-10ml
"
          BD Clear Oral Syringes with tips (1ml)
        ",/collections/lab-supplies/products/syringe-oral-clear-bd-1ml
"
          BD Clear Oral Syringes with tips (3ml)
        ",/collections/lab-supplies/products/syringe-oral-clear-bd-3ml
"
          BD Clear Oral Syringes with tips (5ml)
        ",/collections/lab-supplies/products/syringe-oral-clear-bd-5ml
"
          Beaker Griffin Pyrex - Heavy Duty 1000ml
        ",/collections/lab-supplies/products/beaker-griffin-pyrex-heavy-duty-1000ml
"
          Beaker Griffin Pyrex - Heavy Duty 150ml
        ",/collections/lab-supplies/products/beaker-griffin-pyrex-heavy-duty-150ml
"
          Beaker Griffin Pyrex - Heavy Duty 2000ml
        ",/collections/lab-supplies/products/beaker-griffin-pyrex-heavy-duty-2000ml
"
          Beaker Griffin Pyrex - Heavy Duty 250ml
        ",/collections/lab-supplies/products/beaker-griffin-pyrex-heavy-duty-250ml
"
          Beaker Griffin Pyrex - Regular 1000ml
        ",/collections/lab-supplies/products/beaker-griffin-pyrex-regular-1000ml
"
          Beaker Griffin Pyrex - Regular 100ml
        ",/collections/lab-supplies/products/beaker-griffin-pyrex-regular-100ml
"
          Beaker Griffin Pyrex - Regular 150ml
        ",/collections/lab-supplies/products/beaker-griffin-pyrex-regular-150ml
"
          Beaker Griffin Pyrex - Regular 2000ml
        ",/collections/lab-supplies/products/beaker-griffin-pyrex-regular-2000ml
"
          Beaker Griffin Pyrex - Regular 250ml
        ",/collections/lab-supplies/products/beaker-griffin-pyrex-regular-250ml
"
          Beaker Griffin Pyrex - Regular 30ml
        ",/collections/lab-supplies/products/beaker-griffin-pyrex-regular-30ml
"
          Beaker Griffin Pyrex - Regular 400ml
        ",/collections/lab-supplies/products/beaker-griffin-pyrex-regular-400ml
"
          Beaker Griffin Pyrex - Regular 50ml
        ",/collections/lab-supplies/products/beaker-griffin-pyrex-regular-50ml
"
          Beaker Griffin Pyrex - Regular 600ml
        ",/collections/lab-supplies/products/beaker-griffin-pyrex-regular-600ml
"
          Boston Amber Bottle/Lid 15ml (20mm neck)
        ",/collections/lab-supplies/products/boston-amber-bottle-lid-15ml-20mm-neck
"
          Boston Amber Round Glass Bottle 30ml (1oz)
        ",/collections/lab-supplies/products/bottle-lid-glass-boston-amber-30ml
"
          Boston Amber Round Glass Bottle 60ml (2oz)
        ",/collections/lab-supplies/products/bottle-lid-glass-boston-amber-60ml
"
          Bottle Adapter, Universal Extender
        ",/collections/lab-supplies/products/bottle-adapter-universal-extender
"
          Calibrated Plastic Dropper Lid, 20mm
        ",/collections/lab-supplies/products/graduated-plastic-dropper-lid-20mm
"
          Acetyl-D-Glucosamine (N)
        ",/collections/nutraceuticals/products/acetyl-d-glucosamine-n
"
          Acetyl-L-Carnitine HCL *Limited-time special*
        ",/collections/nutraceuticals/products/acetyl-l-carnitine-hcl
"
          Acidophilus Lactobacillus
        ",/collections/nutraceuticals/products/acidophilus-lactobacillus
"
          Alpha Lipoic Acid USP
        ",/collections/nutraceuticals/products/alpha-lipoic-acid
"
          Arginine (L) Base USP
        ",/collections/nutraceuticals/products/arginine-base-usp
"
          Arginine (L) HCL USP
        ",/collections/nutraceuticals/products/arginine-l-hcl-usp
"
          Ascorbic Acid USP
        ",/collections/nutraceuticals/products/ascorbic-acid-usp
"
          Aspartame FCC
        ",/collections/nutraceuticals/products/aspartame-fcc
"
          Aspirin USP
        ",/collections/nutraceuticals/products/aspirin-usp
"
          Betaine Anhydrous (Letco brand)
        ",/collections/nutraceuticals/products/copy-of-betaine-anhydrous-letco-brand
"
          Biotin USP *Limited-time special*
        ",/collections/nutraceuticals/products/biotin-usp
"
          Boron Citrate Complex 5%
        ",/collections/nutraceuticals/products/boron-citrate-complex-5
"
          Calcium Carbonate USP Heavy
        ",/collections/nutraceuticals/products/calcium-carbonate-usp-heavy
"
          Calcium Citrate Tetrahydrate USP
        ",/collections/nutraceuticals/products/calcium-citrate-tetrahydrate-usp
"
          Calcium Citrate USP
        ",/collections/nutraceuticals/products/calcium-citrate-usp
"
          Calcium L-5 Methyltetrahydrofolate (5-MTHF)
        ",/collections/nutraceuticals/products/calcium-l-5-methyltetrahydrofolate-5-mthf
"
          Chrysin
        ",/collections/nutraceuticals/products/chrysin
"
          Chrysin - Short-dated, exp. 12 Sep 2024
        ",/collections/nutraceuticals/products/chrysin-short-dated-exp-12-sep-2024
"
          Coenzyme Q10 USP
        ",/collections/nutraceuticals/products/coenzyme-q10-usp
"
          Creatine Monohydrate
        ",/collections/nutraceuticals/products/creatine-monohydrate
"
          Cyanocobalamin USP (*temperature sensitive*)
        ",/collections/nutraceuticals/products/cyanocobalamin
"
          D-Calcium Pantothenate (Bella brand)
        ",/collections/nutraceuticals/products/calcium-pantothenate-usp-bella-brand
"
          Folic Acid USP
        ",/collections/nutraceuticals/products/folic-acid-usp
"
          Gelatin NF
        ",/collections/nutraceuticals/products/gelatin-nf
"
          Glucosamine Sulfate Potassium Chloride USP
        ",/collections/nutraceuticals/products/glucosamine-hcl
"
          Glutathione USP
        ",/collections/nutraceuticals/products/glutathione-usp
"
          Glutathione USP - Short-dated, exp. 30 Sep 2024
        ",/collections/nutraceuticals/products/glutathione-usp-short-dated-exp-30-sep-2024
"
          Glycine USP (L-Glycine)
        ",/collections/nutraceuticals/products/l-glycine
"
          L-Citrulline
        ",/collections/nutraceuticals/products/l-citrulline
"
          L-Glutamine USP
        ",/collections/nutraceuticals/products/l-glutamine-usp
"
          L-Glutamine USP - Short-dated, exp. Oct 2024
        ",/collections/nutraceuticals/products/l-glutamine-usp-short-dated-exp-oct-2024
"
          L-Glycine
        ",/collections/nutraceuticals/products/l-glycine-1
"
          L-Lysine HCL USP
        ",/collections/nutraceuticals/products/l-lysine-hcl-usp
"
          L-Methionine
        ",/collections/nutraceuticals/products/l-methionine
"
          L-Serine USP
        ",/collections/nutraceuticals/products/l-serine-usp
"
          L-Taurine
        ",/collections/nutraceuticals/products/l-taurine
"
          L-Theanine
        ",/collections/nutraceuticals/products/l-theanine
"
          L-Tryptophan USP
        ",/collections/nutraceuticals/products/l-tryptophan-usp
"
          L-Tyrosine USP
        ",/collections/nutraceuticals/products/l-tyrosine
"
          Lactic Acid-L USP (*HAZMAT*)
        ",/collections/nutraceuticals/products/lactic-acid
"
          Leucovorin Calcium USP
        ",/collections/nutraceuticals/products/leucovorin-calcium-usp
"
          Levocarnitine USP *Limited-time special, exp. 24 March 2025*
        ",/collections/nutraceuticals/products/levocarnitine-usp
"
          Magnesium Bisglycinate Fortified (Mg 20%)
        ",/collections/nutraceuticals/products/magnesium-bisglycinate-fortified-mg-20
"
          Magnesium Chloride Hexahydrate USP
        ",/collections/nutraceuticals/products/magnesium-chloride-hexahydrate-usp
"
          Magnesium Citrate Anhydrous USP
        ",/collections/nutraceuticals/products/magnesium-citrate-powder
"
          Magnesium Oxide Heavy Powder USP
        ",/collections/nutraceuticals/products/magnesium-oxide-powder-heavy-usp
"
          Magnesium Stearate NF/EP
        ",/collections/nutraceuticals/products/magnesium-stearate-nf
"
          Magnesium Sulfate Heptahydrate USP
        ",/collections/nutraceuticals/products/magnesium-sulfate-heptahydrate-usp
"
          Acetyl-L-Carnitine HCL *Limited-time special*
        ",/collections/clearance/products/acetyl-l-carnitine-hcl
"
          Biotin USP *Limited-time special*
        ",/collections/clearance/products/biotin-usp
"
          Capsules #0 Green Translucent/Clear *Limited-time special*
        ",/collections/clearance/products/capsule-0-green-translucent-clear
"
          Chrysin - Short-dated, exp. 12 Sep 2024
        ",/collections/clearance/products/chrysin-short-dated-exp-12-sep-2024
"
          Corn Oil NF - Short-dated, exp. 31 Oct 2024
        ",/collections/clearance/products/corn-oil-nf-short-dated-exp-31-oct-2024
"
          Flavor Plus™ Suspension Vehicle (S/F) *Limited-time special*
        ",/collections/clearance/products/flavor-plus%C2%AE-suspension-vehicle-s-f
"
          Gamma Aminobutyric Acid (GABA) *Limited-time special*
        ",/collections/clearance/products/gaba
"
          Gelatin NF
        ",/collections/clearance/products/gelatin-nf
"
          Glutathione USP - Short-dated, exp. 30 Sep 2024
        ",/collections/clearance/products/glutathione-usp-short-dated-exp-30-sep-2024
"
          Kojic Acid *Limited-time special, exp. 14 Dec 2024*
        ",/collections/clearance/products/kojic-acid-short-dated-exp-14-dec-2024
"
          L-Glutamine USP - Short-dated, exp. Oct 2024
        ",/collections/clearance/products/l-glutamine-usp-short-dated-exp-oct-2024
"
          Levocarnitine USP *Limited-time special, exp. 24 March 2025*
        ",/collections/clearance/products/levocarnitine-usp
"
          Liothyronine Sodium USP (*cold pack*) - Short-dated, exp. 14 Sep 2024
        ",/collections/clearance/products/liothyronine-sodium-usp-cold-pack-short-dated-exp-14-sep-2024
"
          Methocel K100M Premium USP
        ",/collections/clearance/products/methocel-k100m-premium-usp-grade
"
          Pilocarpine Nitrate USP - Short-dated, exp. 4 Aug 2024
        ",/collections/clearance/products/pilocarpine-nitrate-usp-short-dated-exp-4-aug-2024
"
          Piroxicam USP *Limited-time special*
        ",/collections/clearance/products/piroxicam-usp
"
          Poloxamer 407 NF - Short-dated, exp. 2 Oct 2024
        ",/collections/clearance/products/poloxamer-407-nf-short-dated-exp-2-oct-2024
"
          Press-in Bottle Adapter 20mm *Limited-time special*
        ",/collections/clearance/products/bottle-adapter-press-in-20mm
"
          Press-in Bottle Adapter 24mm *Limited-time special*
        ",/collections/clearance/products/bottle-adapter-press-in-24mm
"
          Press-in Bottle Adapter 28mm *Limited-time special*
        ",/collections/clearance/products/bottle-adapter-press-in-28mm
"
          Sepineo P600 *Limited-time special*
        ",/collections/clearance/products/sepineo-p600
"
          Shea Butter, Organic - Short-dated, exp. 31 Jul 2024
        ",/collections/clearance/products/shea-butter-organic-short-dated-exp-31-jul-2024
"
          Tommygel *Limited-time special*
        ",/collections/clearance/products/tommygel
"
          Topi-Click 35ml Dispenser - Pink *Limited-time special*
        ",/collections/clearance/products/topi-click-35ml-dispenser-pink
"
          Zinc Picolinate *Limited-time special*
        ",/collections/clearance/products/zinc-picolinate
"
          Adapta-Cap A (18mm) Blue
        ",/collections/applicators/products/adapta-cap-blue-18mm-a
"
          Adapta-Cap B (20mm) Blue
        ",/collections/applicators/products/adapta-cap-blue-20mm-b
"
          Adapta-Cap C (22mm) Blue
        ",/collections/applicators/products/adapta-cap-blue-22mm-c
"
          Adapta-Cap D (24mm) Blue
        ",/collections/applicators/products/adapta-cap-blue-24mm-d
"
          Adapta-Cap E (28mm Short) Blue
        ",/collections/applicators/products/adapta-cap-blue-28mm-short-e
"
          Adapta-Cap F (28mm Long) Blue
        ",/collections/applicators/products/adapta-cap-blue-28mm-long-f
"
          Adapta-Cap G (33mm Short) Blue
        ",/collections/applicators/products/adapta-cap-blue-33mm-short-g
"
          Amber Glass Bottle (30ml) with Non-graduated Glass Dropper
        ",/collections/applicators/products/glass-dropper-with-30ml-amber-glass-bottle-12-pack
"
          Amber Glass Bottle (60ml) with Graduated Plastic Dropper
        ",/collections/applicators/products/bottle-amber-glass-with-graduated-dropper-60ml
"
          Amber Glass Vial with Glass Rod Applicator (0.5oz/15ml)
        ",/collections/applicators/products/bottle-amber-glass-with-glass-rod-applicator-0-5oz-15ml
"
          Boston Amber Bottle/Lid 15ml (20mm neck)
        ",/collections/applicators/products/boston-amber-bottle-lid-15ml-20mm-neck
"
          Boston Amber Round Glass Bottle 30ml (1oz)
        ",/collections/applicators/products/bottle-lid-glass-boston-amber-30ml
"
          Boston Amber Round Glass Bottle 60ml (2oz)
        ",/collections/applicators/products/bottle-lid-glass-boston-amber-60ml
"
          Bottle Adapter, Universal Extender
        ",/collections/applicators/products/bottle-adapter-universal-extender
"
          Droptainer Non-Sterile (15ml)
        ",/collections/applicators/products/droptainer-non-sterile-15ml
"
          Droptainer Non-Sterile (30ml)
        ",/collections/applicators/products/droptainer-non-sterile-30ml
"
          Droptainer Non-Sterile (60ml)
        ",/collections/applicators/products/copy-of-droptainer-non-sterile-60ml
"
          Droptainer Sterile (15ml)
        ",/collections/applicators/products/droptainer-sterile-15ml
"
          Droptainer Sterile (3ml)
        ",/collections/applicators/products/droptainer-sterile-3ml
"
          Droptainer Sterile (7ml)
        ",/collections/applicators/products/droptainer-sterile-7ml
"
          Enema bottle (120ml) with cap
        ",/collections/applicators/products/bottle-enema-cap-with-120ml-bottle
"
          Fine Mist Spray complete 120ml
        ",/collections/applicators/products/fine-mist-spray-complete-120ml
"
          Fine Mist Sprayer
        ",/collections/applicators/products/sprayer-fine-mist
"
          Metered Pump Attachment for Nasal/Throat Spray
        ",/collections/applicators/products/nasal-throat-metered-pump
"
          Nail Brush Applicator with Glass Bottle
        ",/collections/applicators/products/bottle-clear-glass-with-nail-brush-applicator-0-5oz-15ml
"
          Nasal Spray Attachment
        ",/collections/applicators/products/nasal-spray-attachment
"
          Nasal Spray Complete (30ml/0.1ml MD)
        ",/collections/applicators/products/nasal-spray-complete-30ml-0-1ml-md
"
          Nasal Spray Complete (60ml/0.1ml MD)
        ",/collections/applicators/products/nasal-spray-complete-60ml-0-1ml-md
"
          Opaque Cylinder Bottle 120ml & cap 24mm
        ",/collections/applicators/products/bottle-opaque-120ml-cap-24mm
"
          Opaque Cylinder Bottle 30ml & cap 20mm
        ",/collections/applicators/products/bottle-opaque-30ml-cap-20mm
"
          Opaque Cylinder Bottle 60ml & cap 20mm
        ",/collections/applicators/products/bottle-opaque-60ml-cap-20mm
"
          Press-in Bottle Adapter 20mm *Limited-time special*
        ",/collections/applicators/products/bottle-adapter-press-in-20mm
"
          Press-in Bottle Adapter 24mm *Limited-time special*
        ",/collections/applicators/products/bottle-adapter-press-in-24mm
"
          Press-in Bottle Adapter 28mm *Limited-time special*
        ",/collections/applicators/products/bottle-adapter-press-in-28mm
"
          Press-in Bottle Adapter 33mm
        ",/collections/applicators/products/press-in-bottle-adapter-33mm
"
          REPEATER Pump Fluid Transfer Tube Set
        ",/collections/applicators/products/baxa-repeater-pump-tube-set
"
          Roll-On Bottle with Cap 85ml (3oz)
        ",/collections/applicators/products/roll-on-bottle-85ml-3oz
"
          Seal-Safe Bottle Adapters 24mm
        ",/collections/applicators/products/bottle-adapter-sealsafe-24mm
"
          Seal-Safe Child-Resistant Cap (24mm)
        ",/collections/applicators/products/bottle-cap-sealsafe-24mm
"
          Squeeze-Jet Bellows Bottle 30 mL
        ",/collections/applicators/products/bottle-squeeze-jet-bellows-30ml
"
          Throat Spray Complete (30ml/0.1ml MD)
        ",/collections/applicators/products/throat-spray-complete-30ml-0-1ml-md
"
          Throat Spray Complete (60ml/0.1ml MD)
        ",/collections/applicators/products/throat-spray-complete-60ml-0-1ml-md
"
          Throat Sprayer Attachment (Long stem)
        ",/collections/applicators/products/throat-sprayer-attachment
"
          Topi-Click 35ml Dispenser - Blue
        ",/collections/applicators/products/topi-click-35ml-dispenser-blue
"
          Topi-Click 35ml Dispenser - Green
        ",/collections/applicators/products/topi-click-35ml-dispenser-green
"
          Topi-Click 35ml Dispenser - Pink *Limited-time special*
        ",/collections/applicators/products/topi-click-35ml-dispenser-pink
"
          Topi-Click 35ml Dispenser - White
        ",/collections/applicators/products/topi-click-35ml-dispenser-white
"
          Topi-Click 35ml Perl Vaginal Dispenser/Loader
        ",/collections/applicators/products/topi-click-35ml-perl-vaginal-loader
"
          EMP/Unguator Jar 2000ml Airdynamic - 1 each - White
        ",/collections/emp-jars-unguator-accessories/products/emp-unguator-jars-white-lid-2000ml-airdynamic-1-each
"
          EMP/Unguator Jar Lid (White) for 1000ml jar
        ",/collections/emp-jars-unguator-accessories/products/emp-unguator-jar-lid-white-lid-for-1000ml-jar-3-pk
"
          EMP/Unguator Jar Lid (White) for 2000ml jar
        ",/collections/emp-jars-unguator-accessories/products/unguator-jar-lid-2000ml
"
          EMP/Unguator Jar Lid, White Lid for 300 & 500ml jar
        ",/collections/emp-jars-unguator-accessories/products/emp-unguator-jar-lid-white-lid-for-300-500ml-jar-5-pk
"
          EMP/Unguator Jars 1000ml Airdynamic (3/pk) - White
        ",/collections/emp-jars-unguator-accessories/products/unguator-jars-white-lid-air-dynamic-1000ml
"
          EMP/Unguator Jars 100ml (10/pk)
        ",/collections/emp-jars-unguator-accessories/products/unguator-jars-100ml
"
          EMP/Unguator Jars 15-20ml (16/pk)
        ",/collections/emp-jars-unguator-accessories/products/unguator-jars-15-20ml
"
          EMP/Unguator Jars 200ml (8/pk)
        ",/collections/emp-jars-unguator-accessories/products/unguator-jars-200ml
"
          EMP/Unguator Jars 300ml Airdynamic (4/pk) - White
        ",/collections/emp-jars-unguator-accessories/products/unguator-jars-white-lid-airdynamic-300ml
"
          EMP/Unguator Jars 30ml (14/pk)
        ",/collections/emp-jars-unguator-accessories/products/unguator-jars-30ml
"
          EMP/Unguator Jars 500ml Airdynamic (4/pk) - White
        ",/collections/emp-jars-unguator-accessories/products/unguator-jars-white-lid-air-dynamic-500ml
"
          EMP/Unguator Jars 50ml (12/pk)
        ",/collections/emp-jars-unguator-accessories/products/unguator-jars-50ml
"
          EMP/Unguator Jars with Spindle - 300ml (4/pk) - White
        ",/collections/emp-jars-unguator-accessories/products/unguator-jars-white-lid-with-spindle-300ml
"
          EMP/Unguator Jars with Spindle - 500ml (4/pk) - White
        ",/collections/emp-jars-unguator-accessories/products/unguator-jars-white-lid-with-spindle-500ml
"
          Spindles only - for 300ml EMP/Unguator jars
        ",/collections/emp-jars-unguator-accessories/products/copy-of-spindles-only-for-300ml-emp-unguator-jars
"
          Spindles only - for 500ml EMP/Unguator jars
        ",/collections/emp-jars-unguator-accessories/products/emp-unguator-spindles-only-500ml
"
          Topi-Click Filling Nozzles (Small)
        ",/collections/emp-jars-unguator-accessories/products/topi-click-filling-nozzles-small
"
          Topi-Click Micro EMP Jar Quick-Fill Adaptor
        ",/collections/emp-jars-unguator-accessories/products/topi-click-micro-quick-fill-adaptor
"
          Unguator AirDynamic System for 300/500/1000ml EMP jars (Pumpball)
        ",/collections/emp-jars-unguator-accessories/products/unguator-airdynamic-system-for-300-500ml-jars
"
          Unguator Applicators, Long
        ",/collections/emp-jars-unguator-accessories/products/unguator-applicators-60mm-long-no-cap
"
          Unguator Applicators, Short
        ",/collections/emp-jars-unguator-accessories/products/unguator-applicators-25mm-short-with-cap
"
          Unguator Blade Shaft - Long 200ml
        ",/collections/emp-jars-unguator-accessories/products/unguator-blade-shaft-long-200ml
"
          Unguator Blade Shaft - Standard 15-100ml
        ",/collections/emp-jars-unguator-accessories/products/unguator-blade-shaft-standard-15-100ml
"
          Unguator Blade Shaft - Standard and Long
        ",/collections/emp-jars-unguator-accessories/products/unguator-blade-shaft-standard-and-long
"
          Unguator ExactDose 0.5ml
        ",/collections/emp-jars-unguator-accessories/products/unguator-exactdose-0-5ml
"
          Unguator Jar Coupling 15-1000ml
        ",/collections/emp-jars-unguator-accessories/products/unguator-jar-coupling
"
          Unguator Jar Coupling 2000ml
        ",/collections/emp-jars-unguator-accessories/products/unguator-jar-coupling-2000ml
"
          Unguator Mixing Blades, Disposable - 100-200ml
        ",/collections/emp-jars-unguator-accessories/products/unguator-blade-disposable-100-200ml
"
          Unguator Mixing Blades, Disposable - 15-30ml
        ",/collections/emp-jars-unguator-accessories/products/unguator-mixing-blades-disposable-15-30ml
"
          Unguator Mixing Blades, Disposable - 50ml
        ",/collections/emp-jars-unguator-accessories/products/unguator-blade-disposable-50ml
"
          Unguator PRO Lifting Arm for 2000ml
        ",/collections/emp-jars-unguator-accessories/products/unguator-pro-lifting-arm-for-2000ml
"
          Unguator Standard Mixing Blade, 1000ml
        ",/collections/emp-jars-unguator-accessories/products/unguator-blade-std-1000ml
"
          Unguator Standard Mixing Blade, 100ml
        ",/collections/emp-jars-unguator-accessories/products/unguator-blade-std-100ml
"
          Unguator Standard Mixing Blade, 15/30ml
        ",/collections/emp-jars-unguator-accessories/products/unguator-blade-std-15-30ml
"
          Unguator Standard Mixing Blade, 2000ml
        ",/collections/emp-jars-unguator-accessories/products/unguator-standard-mixing-blade-2000ml
"
          Unguator Standard Mixing Blade, 200ml
        ",/collections/emp-jars-unguator-accessories/products/unguator-blade-std-200ml
"
          Unguator Standard Mixing Blade, 300ml
        ",/collections/emp-jars-unguator-accessories/products/unguator-blade-std-300ml
"
          Unguator Standard Mixing Blade, 500ml
        ",/collections/emp-jars-unguator-accessories/products/unguator-blade-std-500ml
"
          Unguator Standard Mixing Blade, 50ml
        ",/collections/emp-jars-unguator-accessories/products/unguator-blade-std-50ml
"
          Unguator Varionozzle - 1mm (Blue)
        ",/collections/emp-jars-unguator-accessories/products/unguator-varionozzle-1mm-blue
"
          Unguator Varionozzle - 2mm (Yellow)
        ",/collections/emp-jars-unguator-accessories/products/unguator-varionozzle-2mm-yellow
"
          Unguator Varionozzle - 4mm (Pink)
        ",/collections/emp-jars-unguator-accessories/products/unguator-varionozzle-4mm-pink
